{
    "7460658883996412": {
        "threadInfo": {
            "threadID": "7460658883996412",
            "threadName": "Main Server Bot",
            "emoji": null,
            "adminIDs": [
                {
                    "id": "61559951010139"
                },
                {
                    "id": "61560026100997"
                },
                {
                    "id": "100036956043695"
                },
                {
                    "id": "61561388111019"
                },
                {
                    "id": "61561388111019"
                }
            ],
            "participantIDs": [
                "61557749250950",
                "61558606791590",
                "61558752890638",
                "61559055640920",
                "61559180477459",
                "61559204528416",
                "61559848612224",
                "61559881838043",
                "61559931911070",
                "61559937724619",
                "61559951010139",
                "61560026100997",
                "61560131155084",
                "100010977696154",
                "100036956043695",
                "61560549587953",
                "100036956043695",
                "61561388111019"
            ],
            "isGroup": true,
            "nicknames": {
                "61561388111019": "Harold CC • [ / ]"
            }
        },
        "createTime": {
            "timestamp": 1718210122889
        },
        "data": {
            "timestamp": 1718210122889
        }
    },
    "6469702153157674": {
        "threadInfo": {
            "threadID": "6469702153157674",
            "threadName": "GDPH:PS 2.2.6 - Poison Gauntlet Contest, Deadline Extended to June 21.",
            "emoji": "🐡",
            "adminIDs": [
                {
                    "id": "100000382899157"
                },
                {
                    "id": "100010792900819"
                },
                {
                    "id": "100020188716092"
                },
                {
                    "id": "100062459202786"
                },
                {
                    "id": "100068322401056"
                },
                {
                    "id": "100070558673418"
                },
                {
                    "id": "100071668333436"
                },
                {
                    "id": "100075602111969"
                }
            ],
            "participantIDs": [
                "1460010903",
                "61550047162157",
                "61550236722575",
                "61550860766449",
                "61551370776440",
                "61551877034746",
                "61552550275784",
                "61553154327689",
                "61553817388843",
                "61553912140097",
                "61554802432919",
                "61555264861187",
                "61555483719669",
                "61555672208193",
                "61555711120789",
                "61555982939263",
                "61556342961997",
                "61556507230469",
                "61556679938034",
                "61557014144403",
                "61557370923310",
                "61558606791590",
                "61559021616193",
                "61559372000981",
                "61559849279786",
                "61559881838043",
                "61559937724619",
                "61559942750371",
                "61560208629860",
                "61560332390549",
                "61560472984379",
                "100000382899157",
                "100000889262129",
                "100001421840599",
                "100001519452780",
                "100002366509293",
                "100002422904608",
                "100002816380914",
                "100003056393743",
                "100003306369131",
                "100003363195545",
                "100004284879594",
                "100004412805164",
                "100007315813387",
                "100008598612906",
                "100009531464470",
                "100009917769295",
                "100010792900819",
                "100012909131806",
                "100013280678617",
                "100013914349611",
                "100014142341972",
                "100014473866698",
                "100015200014690",
                "100016059697616",
                "100016543597584",
                "100016703166548",
                "100020188716092",
                "100023266666620",
                "100023568554696",
                "100023614200257",
                "100023701012968",
                "100024198070478",
                "100025980480358",
                "100028559960244",
                "100029098449717",
                "100029262169263",
                "100029629207100",
                "100029651380866",
                "100029960945826",
                "100030344683089",
                "100031460379800",
                "100032453514083",
                "100033785384815",
                "100034953305917",
                "100036956043695",
                "100037733161448",
                "100037890183356",
                "100041288259262",
                "100041377238572",
                "100042762977358",
                "100043425877145",
                "100044393112903",
                "100045106372700",
                "100045470371150",
                "100047281515843",
                "100048551952718",
                "100050088414010",
                "100051708647225",
                "100051735852543",
                "100052028001451",
                "100052057761167",
                "100052768127970",
                "100053148694680",
                "100053536613584",
                "100053971157874",
                "100054482597901",
                "100054546213034",
                "100054960069289",
                "100055332341132",
                "100055676155122",
                "100058733831043",
                "100061259782066",
                "100061864341516",
                "100062459202786",
                "100067850916228",
                "100067908901100",
                "100068050352229",
                "100068322401056",
                "100068784739388",
                "100069377959502",
                "100070558673418",
                "100071567606422",
                "100071668333436",
                "100071743414106",
                "100072389950880",
                "100074828408897",
                "100075058221244",
                "100075602111969",
                "100079338883919",
                "100079606621255",
                "100079746527928",
                "100079870851261",
                "100079940813582",
                "100080986976239",
                "100081343777181",
                "100083304167384",
                "100083557005666",
                "100084267684069",
                "100085012718351",
                "100086474911557",
                "100086957302812",
                "100088173679170",
                "100088654076455",
                "100088657757304",
                "100088745237454",
                "100088787306988",
                "100088839362539",
                "100089083063389",
                "100090017393615",
                "100090562353888",
                "100090572067795",
                "100090704012786",
                "100091938257995",
                "100091985097744",
                "100092587773306",
                "100092593675947",
                "100093136387106",
                "100093768846247",
                "100094315182565",
                "100094636065803",
                "100095040831483",
                "100095093951237",
                "100095095634222",
                "100095504853508",
                "100095567820682"
            ],
            "isGroup": true
        },
        "createTime": {
            "timestamp": 1718251578907
        },
        "data": {
            "timestamp": 1718251578907
        }
    },
    "7961514903879413": {
        "threadInfo": {
            "threadID": "7961514903879413",
            "threadName": "I forgor - Jonell And Anita Mirage Tomorrow🥰🥰🥰",
            "emoji": "💕",
            "adminIDs": [
                {
                    "id": "61555953644381"
                },
                {
                    "id": "100036956043695"
                },
                {
                    "id": "100052028001451"
                },
                {
                    "id": "100086474911557"
                },
                {
                    "id": "100088657757304"
                }
            ],
            "participantIDs": [
                "61552550275784",
                "61553912140097",
                "61554802432919",
                "61555264861187",
                "61555483719669",
                "61555953644381",
                "61557299487525",
                "61557711341079",
                "61559728421760",
                "61559879320201",
                "61559881838043",
                "61559937724619",
                "61560026100997",
                "61560131155084",
                "61560208629860",
                "61560917364143",
                "100004284879594",
                "100029651380866",
                "100032453514083",
                "100036956043695",
                "100048067279822",
                "100052028001451",
                "100060972771398",
                "100064731773156",
                "100069377959502",
                "100072389950880",
                "100075058221244",
                "100075602111969",
                "100079338883919",
                "100086474911557",
                "100088657757304"
            ],
            "isGroup": true
        },
        "createTime": {
            "timestamp": 1718252749762
        },
        "data": {
            "timestamp": 1718252749762
        }
    },
    "7578692302157598": {
        "threadInfo": {
            "threadID": "7578692302157598",
            "threadName": "EDUCATIONAL PURPOSES GROUP CHAT",
            "emoji": "😎",
            "adminIDs": [
                {
                    "id": "61559937724619"
                },
                {
                    "id": "100030148326182"
                },
                {
                    "id": "100036956043695"
                },
                {
                    "id": "61561388111019"
                },
                {
                    "id": "61561388111019"
                },
                {
                    "id": "100087618612142"
                },
                {
                    "id": "100087618612142"
                },
                {
                    "id": "100030148326182"
                },
                {
                    "id": "100030148326182"
                }
            ],
            "participantIDs": [
                "61559937724619",
                "61561388111019",
                "100030148326182",
                "100036956043695",
                "100052801192326",
                "100028115901858",
                "100080043281039",
                "61561220505563",
                "100084646939101",
                "100042984074224",
                "100073020740242",
                "100008791111245",
                "100036915550909",
                "100038969135575",
                "100071800397643",
                "100012098556116",
                "100085008297999",
                "100079510556259",
                "100060987052406",
                "100091592152325",
                "100008526750289",
                "100056829798915",
                "100079353618218",
                "100012720767417",
                "100089909420116",
                "100091459040153",
                "61561567450589",
                "61561362607617",
                "100052501699424",
                "100064616475007",
                "100022220106537",
                "61556346080484",
                "100017187575632",
                "100086365193433",
                "100056003221601",
                "100059070589476",
                "100055169850536",
                "100029651380866",
                "100094881465575",
                "100073412225038",
                "100057134081861",
                "100065127585603",
                "100085177583629",
                "100080998753117",
                "100051837194496",
                "100084291590130",
                "61554661953839",
                "100087618612142",
                "100051540075576",
                "100076375796706",
                "100094754895770",
                "100030148326182",
                "100094407587662",
                "100088579852744",
                "100093510426715",
                "100079825717587",
                "100052501699424",
                "100051530872997",
                "100027637897265",
                "100024421357183",
                "100055324204442",
                "100073050076226",
                "100071432720002",
                "100029909121630",
                "100024513040249",
                "100048866281092",
                "100079786118710",
                "100080004301817",
                "61552482129526",
                "100011102825616",
                "100061648248369",
                "100037472162747",
                "100084048922208",
                "100087056405426",
                "100083902943968",
                "100074396533166",
                "100015907686848",
                "61550042879527",
                "100021955394425",
                "100055675021578",
                "100065150087376",
                "100085552531901",
                "100095536480401",
                "100018636743384",
                "61553912242461",
                "100046328493123",
                "100093543326562",
                "100039153961103",
                "100086325070674",
                "61558133181865"
            ],
            "isGroup": true,
            "nicknames": {
                "61561388111019": "Harold CC • [ / ]",
                "100030148326182": "MODERATOR🧟‍♀️",
                "100036956043695": "ADMINISTRATOR [ JONELL ]",
                "100089909420116": "ken?",
                "100029651380866": "chat",
                "61564665953812": "Harold CC • [ / ]"
            },
            "threadIcon": "👍",
            "threadColor": "🌤"
        },
        "createTime": {
            "timestamp": 1719899864441
        },
        "data": {
            "timestamp": 1719899864441
        }
    },
    "6125214307602885": {
        "threadInfo": {
            "threadID": "6125214307602885",
            "threadName": "D̶̶r̶̶e̶̶a̶̶m̶ ̶C̶̶a̶̶m̶̶p̶",
            "emoji": "🫧",
            "adminIDs": [
                {
                    "id": "61561220505563"
                },
                {
                    "id": "100086365193433"
                },
                {
                    "id": "100036956043695"
                },
                {
                    "id": "100036956043695"
                },
                {
                    "id": "100017187575632"
                },
                {
                    "id": "100017187575632"
                },
                {
                    "id": "100052801192326"
                },
                {
                    "id": "100052801192326"
                },
                {
                    "id": "100080998753117"
                },
                {
                    "id": "100080998753117"
                },
                {
                    "id": "100090165639936"
                },
                {
                    "id": "100090165639936"
                },
                {
                    "id": "100066777421061"
                },
                {
                    "id": "100066777421061"
                },
                {
                    "id": "100092990858827"
                },
                {
                    "id": "100092990858827"
                },
                {
                    "id": "100071130023843"
                },
                {
                    "id": "100071130023843"
                },
                {
                    "id": "61561918711689"
                },
                {
                    "id": "61561918711689"
                },
                {
                    "id": "100087618612142"
                },
                {
                    "id": "100087618612142"
                }
            ],
            "participantIDs": [
                "61561220505563",
                "61561388111019",
                "61561918711689",
                "100017187575632",
                "100052801192326",
                "100071130023843",
                "100080998753117",
                "100086365193433",
                "100090165639936",
                "100092990858827",
                "100036956043695",
                "100090165639936",
                "100066777421061",
                "100026607485844",
                "100067712239178",
                "100080043281039",
                "100080574764280",
                "61557344674704",
                "100083378384219",
                "100053158061327",
                "100088826629517",
                "100066377513292",
                "100080009232671",
                "100035027326239",
                "100037337376344",
                "100076661187172",
                "61557344674704",
                "100022220106537",
                "100051419474743",
                "61553950844221",
                "100036295177006",
                "61552570793818",
                "100088827237852",
                "100079712781452",
                "100028143375597",
                "100036992228216",
                "100092507671285",
                "61550773866582",
                "100021133117922",
                "100084485228253",
                "61552058307471",
                "100055852397036",
                "100078510247066",
                "100087449632003",
                "100087618612142",
                "100050545930781",
                "100079090703395",
                "100032025110103",
                "100079090703395",
                "61560004179727",
                "100072680917320",
                "100089933469227",
                "61562511052630",
                "100072960416552",
                "100026607485844"
            ],
            "isGroup": true,
            "threadColor": "🌤"
        },
        "createTime": {
            "timestamp": 1720265986968
        },
        "data": {
            "timestamp": 1720265986968
        }
    },
    "6013244675443147": {
        "threadInfo": {
            "threadID": "6013244675443147",
            "threadName": "EDUCATIONAL PURPOSES GROUP CHATS B2 󱢏",
            "emoji": "😊",
            "adminIDs": [
                {
                    "id": "61559937724619"
                },
                {
                    "id": "61559951010139"
                },
                {
                    "id": "100030148326182"
                },
                {
                    "id": "100036956043695"
                },
                {
                    "id": "61561388111019"
                },
                {
                    "id": "61561388111019"
                },
                {
                    "id": "61564665953812"
                },
                {
                    "id": "61564665953812"
                }
            ],
            "participantIDs": [
                "61559937724619",
                "61559951010139",
                "61561388111019",
                "100030148326182",
                "100036956043695",
                "100080043281039",
                "100068275814050",
                "61556346080484",
                "100080009232671",
                "100064616475007",
                "100052801192326",
                "100024597683207",
                "100034217805496",
                "100055261591457",
                "100055169850536",
                "100071993662096",
                "100036422010858",
                "100025318445296",
                "100056916834926",
                "100028461193946",
                "100069545418733",
                "100088851881750",
                "100038774148048",
                "100052501699424",
                "100047225567395",
                "100026436463000",
                "100075530361041",
                "100082107073018",
                "100084485228253",
                "100087618612142",
                "100030946700673",
                "100061648248369",
                "100066629779035",
                "100062873963531",
                "100032548750563",
                "100089868061666",
                "100064616475007",
                "61550773866582",
                "100080043281039",
                "100076661187172",
                "61550042879527",
                "100023095269554",
                "100035688286563",
                "100044235423954",
                "100081821588364",
                "100089933469227",
                "61553276633560",
                "100035678198532",
                "100090684167450",
                "100090377689581",
                "100053344276502",
                "100057700728237",
                "100056506931436",
                "100088400661219",
                "100041376553085",
                "100080628549620",
                "100046265707390",
                "100077751626153",
                "100074381772280",
                "100078198162347",
                "100085854501258",
                "61564665953812",
                "100078338967206"
            ],
            "isGroup": true,
            "nicknames": {
                "61561388111019": "Harold CC • [ / ]",
                "61564665953812": "Harold CC • [ / ]"
            },
            "threadColor": "🌤"
        },
        "createTime": {
            "timestamp": 1720677410966
        },
        "data": {
            "timestamp": 1720677410966
        }
    },
    "7898305776871087": {
        "threadInfo": {
            "threadID": "7898305776871087",
            "threadName": "HGDPS",
            "emoji": null,
            "adminIDs": [
                {
                    "id": "100036956043695"
                }
            ],
            "participantIDs": [
                "61560549587953",
                "61561114328876",
                "61561388111019",
                "61562513767316",
                "61563791350009",
                "61564069471199",
                "100036956043695"
            ],
            "isGroup": true
        },
        "createTime": {
            "timestamp": 1723307297486
        },
        "data": {
            "timestamp": 1723307297486
        }
    },
    "8905720529455504": {
        "threadInfo": {
            "threadID": "8905720529455504",
            "threadName": "Geng geng 🤙🤙",
            "emoji": "😵‍💫",
            "adminIDs": [
                {
                    "id": "100052501699424"
                }
            ],
            "participantIDs": [
                "61550348197141",
                "61550688105707",
                "61551904885061",
                "61552032893945",
                "61557059129867",
                "61561388111019",
                "61561567450589",
                "61563161383134",
                "61563525504212",
                "61563710356150",
                "100034379446396",
                "100043364352212",
                "100044658498489",
                "100047493111363",
                "100052501699424",
                "100054710138171",
                "100070705639589",
                "100078322162587",
                "100080818098963",
                "100085497040660",
                "100088300399850",
                "100089721523944",
                "100047801075761",
                "61555918711279",
                "100092231363122",
                "100046559991546",
                "100047134308686",
                "100034766252967",
                "100080108645176",
                "100075839471100",
                "100072873933463",
                "100072795685477"
            ],
            "isGroup": true,
            "threadColor": "🌤"
        },
        "createTime": {
            "timestamp": 1723473823815
        },
        "data": {
            "timestamp": 1723473823815
        }
    }
}